time,seconds_elapsed,bearingAccuracy,speedAccuracy,verticalAccuracy,horizontalAccuracy,speed,bearing,altitude,longitude,latitude
1691333286672000000,0.81,0,0,1,28.841999053955078,0,0,562.4000244140625,-75.3371498,41.1595316
1691333291793000000,5.931,0,0,1,28.643999099731445,0,0,562.4000244140625,-75.3370907,41.1595156
1691333296747000000,10.885,0,0,1,34.75199890136719,0,0,562.5,-75.3373374,41.1595369
1691333301802000000,15.939999755859375,0,0,1,26.665000915527344,0,0,562.4000244140625,-75.3371192,41.159529
1691333306799000000,20.937,0,0,1,29.486000061035156,0,0,562.4000244140625,-75.3371325,41.1594972
1691333311801000000,25.939,0,0,1,27.631999969482422,0,0,562.4000244140625,-75.3371246,41.1595214
1691333316839000000,30.977,0,0,1,28.719999313354492,0,0,562.4000244140625,-75.3371503,41.1595304
1691333321848000000,35.986,0,0,1,28.163000106811523,0,0,562.5,-75.3373857,41.1594677
1691333326835000000,40.973,0,0,1,27.288999557495117,0,0,562.4000244140625,-75.3371031,41.1595137
1691333331934000000,46.072000244140625,0,0,1,26.465999603271484,0,0,562.4000244140625,-75.3370996,41.1595144
1691333336870000000,51.008000244140625,0,0,1,26.277000427246094,0,0,562.4000244140625,-75.3370935,41.1595201
1691333341943000000,56.081,0,0,1,27.225000381469727,0,0,562.4000244140625,-75.3370911,41.1595124
1691333346888000000,61.026,0,0,1,27.05699920654297,0,0,562.5,-75.3370869,41.1595197
1691333351930000000,66.06799975585938,0,0,1,27.503999710083008,0,0,562.4000244140625,-75.337101,41.1595235
1691333356968000000,71.106,0,0,1,28.874000549316406,0,0,562.4000244140625,-75.3371448,41.1595152
1691333361946000000,76.08399975585938,0,0,1,25.180999755859375,0,0,562.4000244140625,-75.3370751,41.1595258
1691333367034000000,81.17199975585937,0,0,1.1393022537231445,34.72999954223633,0,0,561,-75.3373837,41.1596314
1691333372045000000,86.183,0,0,1,20.950000762939453,0,0,562.5,-75.3375062,41.1595147
1691333377199000000,91.337,0,0,1,19.926000595092773,0,0,562.5,-75.3375171,41.15951
1691333382362000000,96.49999975585938,0,0,1,19.163000106811523,0,0,562.4000244140625,-75.3375919,41.1598697
1691333387305000000,101.443,0,0,1.0119527578353882,29.795000076293945,0,0,561.5,-75.3377314,41.1600884
1691333399282000000,113.41999975585938,0,0,1.4188438653945923,36.24700164794922,0,0,561.4000244140625,-75.3388528,41.1607935
1691333419313000000,133.451,0,0,2.7004499435424805,16.708999633789062,0,0,559.7000122070312,-75.3413151,41.1626413
1691333452115000000,166.253,0,0,2.6276040077209473,28.915000915527344,0,0,572.6000366210938,-75.3452019,41.1628702
1691333459372000000,173.51,0,0,1,31.354999542236328,0,0,568.4000244140625,-75.3464497,41.1633289
1691333492158000000,206.29600024414063,0,0,1.5746597051620483,47.96799850463867,0,0,576.300048828125,-75.3513146,41.1634824
1691333499826000000,213.96399975585936,0,0,1.1352708339691162,68.57099914550781,0,0,577.5,-75.3513809,41.1624205
1691333519858000000,233.99599975585937,0,0,1,12.069999694824219,0,0,578.1000366210938,-75.3546117,41.1623238
1691333539417000000,253.555,0,0,1.1998317241668701,46.34000015258789,0,0,579.4000244140625,-75.3580163,41.1628109
1691333544852000000,258.99,0,0,1.4843310117721558,46.8390007019043,0,0,580.4000244140625,-75.3577833,41.1629786
1691333549877000000,264.015,0,0,1.2517259120941162,47.51499938964844,0,0,580.4000244140625,-75.3580615,41.1627873
1691333554867000000,269.005,0,0,1,46.78300094604492,0,0,580.2000122070312,-75.3580348,41.1629968
1691333574893000000,289.031,0,0,1.5181854963302612,87.24199676513672,0,0,573.2000122070312,-75.3556867,41.1597591
1691333594890000000,309.02799975585935,0,0,2.179250717163086,42.262001037597656,0,0,574.1000366210938,-75.357455,41.1566968
1691333614887000000,329.025,0,0,4.300617218017578,45.599998474121094,0,0,567.9000244140625,-75.3575735,41.1525106
1691333634929000000,349.067,0,0,1.767432451248169,52.8390007019043,0,0,566.7000122070312,-75.3582799,41.1498039
1691333654896000000,369.034,0,0,8.276615142822266,38.64500045776367,0,0,554.800048828125,-75.3597658,41.1466547
1691333674942000000,389.08000024414065,0,0,3.589430809020996,36.900001525878906,0,0,550.800048828125,-75.3594581,41.1438548
1691333694938000000,409.07599975585936,0,0,1,26.030000686645508,0,0,543,-75.3606351,41.1388626
1691333699327000000,413.465,0,0,1,12.4399995803833,0,0,542.6000366210938,-75.3606939,41.138809
1691333734954000000,449.0919997558594,0,0,1,62.14899826049805,0,0,547.800048828125,-75.3614027,41.1323662
1691333754919000000,469.057,0,0,3.639586925506592,36.900001525878906,0,0,545.5,-75.3617677,41.1309081
1691333767833000000,481.971,0,0,2.8732662200927734,42.41299819946289,0,0,545.4000244140625,-75.3628348,41.1313756
1691333772837000000,486.975,0,0,1.04314124584198,38.224998474121094,0,0,545.800048828125,-75.3622846,41.130668
1691333777836000000,491.974,0,0,1.6413041353225708,100.447998046875,0,0,545.4000244140625,-75.3629549,41.1314705
1691333782910000000,497.0480002441406,0,0,1.0113393068313599,26.325000762939453,0,0,545.800048828125,-75.3621857,41.130572
1691333802867000000,517.005,0,0,2.322446584701538,47.768001556396484,0,0,529.9000244140625,-75.3609694,41.1281565
1691333816810000000,530.9479997558594,0,0,1.369877815246582,43.12200164794922,0,0,523.9000244140625,-75.3601466,41.1271676
1691333821815000000,535.953,0,0,1.2922260761260986,33.902000427246094,0,0,523.9000244140625,-75.3600874,41.1271839
1691333827808000000,541.946,0,0,1.2622755765914917,31.22599983215332,0,0,523.9000244140625,-75.3600975,41.1270966
1691333847812000000,561.95,0,0,13.584489822387695,90.4489974975586,0,0,523.9000244140625,-75.3601752,41.1271911
1691333859450000000,573.5879997558594,0,0,1,18.820999145507812,0,0,517.7000122070312,-75.3585525,41.1242045
1691333887854000000,601.9920002441406,0,0,3.5546488761901855,26.48900032043457,0,0,498.8999938964844,-75.3564579,41.1219312
1691333907877000000,622.015,0,0,1.0277206897735596,20.374000549316406,0,0,483,-75.3552609,41.1195689
1691333947077000000,661.215,0,0,0,2000,0,0,0,-75.3301036,41.0998389
1691334007963000000,722.101,0,0,23.401405334472656,110,0,0,398.5,-75.3384385,41.1056944
1691334027960000000,742.098,0,0,26.625600814819336,116.0999984741211,0,0,352.79998779296875,-75.3353345,41.1007653
1691334047926000000,762.0640002441406,0,0,7.774679660797119,71.2509994506836,0,0,357.8999938964844,-75.3332403,41.0999221
1691334067919000000,782.057,0,0,8.509873390197754,77.26200103759766,0,0,335.79998779296875,-75.3303049,41.0959766
1691334087919000000,802.057,0,0,16.59490394592285,92.9000015258789,0,0,322.29998779296875,-75.3271312,41.0936155
1691334107925000000,822.063,0,0,13.584489822387695,115.6969985961914,0,0,334.1999816894531,-75.3235056,41.0914876
1691334112940000000,827.078,0,0,11.336030960083008,64.0999984741211,0,0,345.3999938964844,-75.3256362,41.0899021
1691334132973000000,847.111,0,0,1.0377204418182373,30.56399917602539,0,0,330.5,-75.3257195,41.0881758
1691334152964000000,867.102,0,0,2.8072915077209473,29.714000701904297,0,0,329.5,-75.3281951,41.0853545
1691334172972000000,887.11,0,0,4.071316242218018,42.84600067138672,0,0,326.79998779296875,-75.3281885,41.0817428
1691334179474000000,893.6119997558594,0,0,1.7394773960113525,16.045000076293945,0,0,326.79998779296875,-75.3282024,41.0817142
1691334212958000000,927.0960002441407,0,0,19.14645004272461,48.900001525878906,0,0,313.6000061035156,-75.3268359,41.0766936
1691334232974000000,947.1120002441406,0,0,16.413040161132812,122.4000015258789,0,0,311.8999938964844,-75.3291331,41.0761743
1691334252846000000,966.9840002441406,0,0,18.489999771118164,98.4000015258789,0,0,312.3999938964844,-75.3261805,41.0724818
1691334257852000000,971.99,0,0,23.401405334472656,110,0,0,312.3999938964844,-75.326187,41.0724774
1691334262861000000,976.999,0,0,18.489999771118164,98.4000015258789,0,0,312.3999938964844,-75.3261805,41.0724818
1691334267871000000,982.009,0,0,18.489999771118164,98.4000015258789,0,0,312.3999938964844,-75.3261805,41.0724818
1691334272872000000,987.01,0,0,20.729272842407227,104.0999984741211,0,0,312.3999938964844,-75.326185,41.0724805
1691334277888000000,992.026,0,0,20.729272842407227,104.0999984741211,0,0,312.3999938964844,-75.326185,41.0724805
1691334282887000000,997.025,0,0,12.377603530883789,77.5999984741211,0,0,312.3999938964844,-75.3261768,41.0724761
1691334287899000000,1002.037,0,0,5.421502113342285,68.4000015258789,0,0,312.3999938964844,-75.3258309,41.0725843
1691334307855000000,1021.993,0,0,30.565101623535156,122.4000015258789,0,0,296.6000061035156,-75.3225848,41.0694045
1691334327931000000,1042.069,0,0,1.5865360498428345,23.534000396728516,0,0,287.29998779296875,-75.3200271,41.0672276
1691334339480000000,1053.618,0,0,4.28523588180542,69.30999755859375,0,0,286.3999938964844,-75.319789,41.0663874
1691334367906000000,1082.0439997558594,0,0,1.0307570695877075,21.655000686645508,0,0,268.1999816894531,-75.3166166,41.0606908
1691334387941000000,1102.079,0,0,1,23.257999420166016,0,0,266.1000061035156,-75.3162494,41.0573912
1691334428026000000,1142.1639997558593,0,0,7.83906364440918,64.0999984741211,0,0,264.79998779296875,-75.3145961,41.050117
1691334467243000000,1181.381,0,0,0,2299.9990234375,0,0,0,-75.320264,41.0554038
1691334488163000000,1202.301,0,0,1.5170321464538574,24.46500015258789,0,0,272.6999816894531,-75.3140369,41.0412922
1691334499474000000,1213.6119997558594,0,0,9.160183906555176,104.0999984741211,0,0,271.5,-75.3140284,41.0412044
1691334522832000000,1236.97,0,0,41.602500915527344,135.60000610351562,0,0,233.29998779296875,-75.3100784,41.0360007
1691334557828000000,1271.966,0,0,0,87.5999984741211,0,0,0,-75.3089988,41.0340746
1691334577874000000,1292.0119997558593,0,0,6.119264602661133,72.9000015258789,0,0,254.1999969482422,-75.3101958,41.0300976
1691334597888000000,1312.026,0,0,5.155559539794922,68.4000015258789,0,0,255.39999389648438,-75.3086849,41.0286953
1691334604235000000,1318.373,0,0,12.377603530883789,77.5999984741211,0,0,255.39999389648438,-75.3086747,41.0287216
1691334609883000000,1324.021,0,0,7.114916801452637,92.9000015258789,0,0,255.39999389648438,-75.3087494,41.0286527
1691334614890000000,1329.0279997558594,0,0,6.792244911193848,82.5,0,0,269.8999938964844,-75.3083257,41.0272594
1691334634873000000,1349.011,0,0,14.976900100708008,87.5999984741211,0,0,271.29998779296875,-75.308691,41.026846
1691334734905000000,1449.043,0,0,23.401405334472656,110,0,0,236.89999389648438,-75.3010141,41.0130994
1691334774938000000,1489.0759997558594,0,0,5.314616680145264,35.44300079345703,0,0,230.39999389648438,-75.293128,41.008972
1691334794951000000,1509.089,0,0,41.602500915527344,135.60000610351562,0,0,212.89999389648438,-75.2918364,41.0105929
1691334801844000000,1515.982,0,0,1.8397477865219116,29.358999252319336,0,0,232,-75.2907417,41.0079415
1691334819491000000,1533.629,0,0,14.976900100708008,87.5999984741211,0,0,242.89999389648438,-75.2897635,41.0065928
1691334841878000000,1556.0160002441405,0,0,42.602420806884766,52.400001525878906,0,0,211.6999969482422,-75.2850078,41.0047308
1691334901970000000,1616.1079997558593,0,0,35.44828414916992,128.8990020751953,0,0,201.1999969482422,-75.2745522,41.0008889
1691334961937000000,1676.075,0,0,9.978917121887207,53.87799835205078,0,0,196,-75.2680951,40.9899305
1691334979494000000,1693.6320002441407,0,0,18.489999771118164,98.4000015258789,0,0,201,-75.2687667,40.9867232
1691335002014000000,1716.1520002441407,0,0,12.377603530883789,77.5999984741211,0,0,187.89999389648438,-75.2726206,40.9805541
1691335021908000000,1736.046,0,0,9.216553688049316,92.9000015258789,0,0,176.09999084472656,-75.2762423,40.9752057
1691335041181000000,1755.319,0,0,0,1200,0,0,0,-75.2615783,40.9690824
1691335061185000000,1775.323,0,0,0,2700,0,0,0,-75.2663177,40.9678466
1691335082039000000,1796.177,0,0,35.44828414916992,128.8990020751953,0,0,143.29998779296875,-75.2859589,40.9628654
1691335101993000000,1816.131,0,0,41.602500915527344,135.60000610351562,0,0,120.70000457763672,-75.2911554,40.9574906
1691335121233000000,1835.371,0,0,0,2500,0,0,0,-75.2849094,40.9582202
1691335141237000000,1855.375,0,0,0,1799.9990234375,0,0,0,-75.2929287,40.9481414
1691335161250000000,1875.3879997558595,0,0,0,1799.9990234375,0,0,0,-75.2929287,40.9481414
1691335182051000000,1896.189,0,0,9.244999885559082,98.4000015258789,0,0,144.39999389648438,-75.2938212,40.9374914
1691335261278000000,1975.4160002441406,0,0,0,1899.9990234375,0,0,0,-75.3042279,40.9149961
1691335299511000000,2013.649,0,0,10.755403518676758,180,0,0,143,-75.2977555,40.9114243
1691335322078000000,2036.2160002441406,0,0,7.72339391708374,16.672000885009766,0,0,157.6999969482422,-75.3000171,40.9047081
1691335342083000000,2056.221,0,0,23.401405334472656,110,0,0,154.09999084472656,-75.3050417,40.901464
1691335382117000000,2096.255,0,0,8.581626892089844,58.125999450683594,0,0,185.29998779296875,-75.3127111,40.8955448
1691335462151000000,2176.289,0,0,20.729272842407227,104.0999984741211,0,0,170.39999389648438,-75.3144661,40.879759
1691335501476000000,2215.614,0,0,0,2000,0,0,0,-75.3107883,40.8771923
1691335521410000000,2235.5479997558596,0,0,0,2000,0,0,0,-75.3107883,40.8771923
1691335541475000000,2255.613,0,0,0,2000,0,0,0,-75.3107883,40.8771923
1691335562284000000,2276.422,0,0,0,104.0999984741211,0,0,0,-75.2982371,40.8629089
1691335582272000000,2296.41,0,0,2.8218369483947754,35.95800018310547,0,0,260.6999816894531,-75.2938085,40.8598656
1691335602256000000,2316.394,0,0,26.625600814819336,116.0999984741211,0,0,220,-75.2967865,40.8545496
1691335619519000000,2333.657,0,0,4.9839935302734375,48.900001525878906,0,0,216.09999084472656,-75.2990155,40.8534247
1691335682286000000,2396.4240002441406,0,0,26.625600814819336,116.0999984741211,0,0,180.29998779296875,-75.3006024,40.8406139
1691335742294000000,2456.4320002441405,0,0,20.729272842407227,104.0999984741211,0,0,186.39999389648438,-75.2996081,40.8207778
1691335782304000000,2496.442,0,0,6.448611259460449,72.9000015258789,0,0,169.59999084472656,-75.3013891,40.8147568
1691335802316000000,2516.454,0,0,30.565101623535156,122.4000015258789,0,0,161.6999969482422,-75.3020466,40.8079008
1691335842326000000,2556.4640002441406,0,0,17.32282829284668,92.9000015258789,0,0,147.5,-75.2940959,40.8003092
1691335862347000000,2576.485,0,0,35.44828414916992,128.8990020751953,0,0,141.59999084472656,-75.2900624,40.7950999
1691335881552000000,2595.69,0,0,0,1299.9990234375,0,0,0,-75.2849094,40.7809556
1691335939520000000,2653.658,0,0,13.584489822387695,82.5,0,0,108.30000305175781,-75.2759738,40.7741005
1691336002416000000,2716.554,0,0,35.44828414916992,128.8990020751953,0,0,93.9000015258789,-75.2697604,40.7590529
1691336022503000000,2736.641,0,0,14.976900100708008,87.5999984741211,0,0,89.5,-75.2661309,40.755323
1691336061656000000,2775.794,0,0,0,2099.9990234375,0,0,0,-75.236785,40.7551716
1691336161718000000,2875.8560002441404,0,0,0,1899.9990234375,0,0,0,-75.2801706,40.7220614
1691336182507000000,2896.645,0,0,35.44828414916992,128.8990020751953,0,0,85.70000457763672,-75.2872577,40.7196162
1691336202547000000,2916.685,0,0,20.729272842407227,104.0999984741211,0,0,81.0999984741211,-75.2896683,40.7192566
1691336259536000000,2973.674,0,0,18.489999771118164,98.4000015258789,0,0,82.9000015258789,-75.2882105,40.7017672
1691336282551000000,2996.689,0,0,23.401405334472656,112.93099975585938,0,0,89,-75.291375,40.6958909
1691336302567000000,3016.705,0,0,30.565101623535156,122.51699829101562,0,0,82.9000015258789,-75.2864465,40.6883373
1691336342560000000,3056.698,0,0,14.976900100708008,87.5999984741211,0,0,42.80000305175781,-75.2938747,40.681433
1691336362585000000,3076.723,0,0,41.602500915527344,135.60000610351562,0,0,87.4000015258789,-75.2993983,40.6805177
1691336401801000000,3115.939,0,0,0,1799.9990234375,0,0,0,-75.3184418,40.6857606
1691336442628000000,3156.766,0,0,2.852742910385132,22.36400032043457,0,0,90.20000457763672,-75.3234886,40.6802659
1691336462701000000,3176.839,0,0,23.401405334472656,110,0,0,89.30000305175781,-75.3298863,40.6803767
1691336482683000000,3196.821,0,0,30.565101623535156,122.4000015258789,0,0,81.5999984741211,-75.3382379,40.6806024
1691336502673000000,3216.811,0,0,12.454802513122559,110,0,0,64.69999694824219,-75.3408712,40.6803336
1691336522677000000,3236.815,0,0,10.082969665527344,87.5999984741211,0,0,74.5,-75.3496583,40.6782502
1691336579535000000,3293.673,0,0,9.58521556854248,64.0999984741211,0,0,64.5999984741211,-75.3660906,40.6716744
1691336642836000000,3356.974,0,0,9.58521556854248,110,0,0,67,-75.3805993,40.6636605
1691336662811000000,3376.949,0,0,2.60581111907959,32.145999908447266,0,0,71.9000015258789,-75.388578,40.6613025
1691336702814000000,3416.9520002441404,0,0,5.0512309074401855,87.99199676513672,0,0,78.5,-75.3986758,40.654719
1691336722806000000,3436.9440002441406,0,0,2.2102386951446533,16.804000854492188,0,0,75.9000015258789,-75.4046792,40.6536294
1691336739576000000,3453.714,0,0,30.565101623535156,122.4000015258789,0,0,74.0999984741211,-75.4063568,40.649649
1691336762819000000,3476.957,0,0,35.44828414916992,128.8990020751953,0,0,75.4000015258789,-75.4161933,40.6471055
1691336782847000000,3496.985,0,0,6.862267971038818,92.9000015258789,0,0,71.5,-75.4200864,40.6466486
1691336802858000000,3516.9959997558594,0,0,20.729272842407227,104.0999984741211,0,0,79.5999984741211,-75.4264159,40.6444196
1691336862866000000,3577.0039997558592,0,0,14.849853515625,74.8759994506836,0,0,77.5,-75.4472464,40.6374577
1691336922875000000,3637.013,0,0,5.151099681854248,48.900001525878906,0,0,82.9000015258789,-75.4668887,40.6309158
1691336942908000000,3657.046,0,0,1,35.159000396728516,0,0,78.0999984741211,-75.4740097,40.6295709
1691336962940000000,3677.078,0,0,1.4867688417434692,17.475000381469727,0,0,63.20000076293945,-75.4795972,40.6272883
1691336982955000000,3697.093,0,0,19.585927963256836,94.76100158691406,0,0,57.80000305175781,-75.4836809,40.6252625
1691337003024000000,3717.162,0,0,1.474467158317566,23.902999877929688,0,0,67.5999984741211,-75.4919112,40.6229616
1691337022944000000,3737.082,0,0,26.625600814819336,116.0999984741211,0,0,82.20000457763672,-75.4985409,40.6174919
1691337042969000000,3757.107,0,0,2.4185547828674316,43.46200180053711,0,0,82.80000305175781,-75.5021382,40.6201329
1691337059563000000,3773.701,0,0,1.6490623950958252,26.121000289916992,0,0,89.80000305175781,-75.5052511,40.6163079
1691337082993000000,3797.131,0,0,1.8644770383834839,95.81300354003906,0,0,91.4000015258789,-75.5145773,40.6134048
1691337103068000000,3817.206,0,0,8.995135307312012,124.66200256347656,0,0,91,-75.5215686,40.6123162
1691337123047000000,3837.185,0,0,6.176041126251221,72.9000015258789,0,0,81.70000457763672,-75.5273453,40.6093587
1691337143021000000,3857.159,0,0,8.218268394470215,55.042999267578125,0,0,87.9000015258789,-75.5343235,40.6093034
1691337163023000000,3877.161,0,0,2.41757869720459,48.05400085449219,0,0,94.80000305175781,-75.5399257,40.6067991
1691337183034000000,3897.1719997558594,0,0,12.377603530883789,77.5999984741211,0,0,88.9000015258789,-75.548741,40.6048798
1691337203040000000,3917.178,0,0,5.287519931793213,68.4000015258789,0,0,93.20000457763672,-75.5530569,40.6032687
1691337219578000000,3933.7159997558592,0,0,21.199390411376953,116.0999984741211,0,0,89.9000015258789,-75.5561864,40.6003367
1691337243048000000,3957.186,0,0,37.269710540771484,87.5999984741211,0,0,96.20000457763672,-75.5643778,40.5956817
1691337303075000000,4017.213,0,0,35.44828414916992,128.8990020751953,0,0,98.9000015258789,-75.5738248,40.5972868
1691337323066000000,4037.2039997558595,0,0,7.872220993041992,87.5999984741211,0,0,109.5,-75.56872,40.5918763
1691337379546000000,4093.6839997558595,0,0,1.5025217533111572,33.16299819946289,0,0,79.4000015258789,-75.5617136,40.5825504
1691337453198000000,4167.33600024414,0,0,7.123376846313477,113.86100006103516,0,0,89.5999984741211,-75.5579525,40.5742663
1691337458198000000,4172.33600024414,0,0,5.456065654754639,123.58799743652344,0,0,89.5999984741211,-75.557933,40.5742691
1691337463199000000,4177.337,0,0,18.489999771118164,120.78299713134766,0,0,89.70000457763672,-75.5577888,40.5744019
1691337468252000000,4182.39,0,0,6.656400203704834,112.38700103759766,0,0,89.5999984741211,-75.5579521,40.5742676
1691337473226000000,4187.363999755859,0,0,10.328896522521973,98.4000015258789,0,0,89.5999984741211,-75.5579868,40.5742758
1691337478295000000,4192.433,0,0,2.7280328273773193,66.04499816894531,0,0,89.5999984741211,-75.557864,40.5742423
1691337483250000000,4197.38799975586,0,0,14.976900100708008,121.37200164794922,0,0,89.70000457763672,-75.5580417,40.5744296
1691337499096000000,4213.234,0,0,0,1299.9990234375,0,0,0,-75.5518698,40.5733965
1691337504928000000,4219.066,0,0,6.476497173309326,119.23699951171875,0,0,89.5999984741211,-75.5579209,40.5744168
1691337539577000000,4253.715,0,0,14.976900100708008,121.37200164794922,0,0,89.70000457763672,-75.5580417,40.5744296
1691337554312000000,4268.45,0,0,0,899.9990234375,0,0,0,-75.556964,40.5759119
1691337560175000000,4274.313,0,0,23.401405334472656,124.53399658203125,0,0,89.70000457763672,-75.5580399,40.5744277
1691337565139000000,4279.277,0,0,10.400625228881836,119.98999786376953,0,0,89.5999984741211,-75.557949,40.5742613
1691337580097000000,4294.235,0,0,12.377603530883789,119.54100036621094,0,0,89.70000457763672,-75.5580435,40.5744309
1691337585190000000,4299.328000244141,0,0,12.377603530883789,121.83799743652344,0,0,89.5999984741211,-75.5579473,40.5742601
1691337590219000000,4304.357,0,0,13.584489822387695,122.68499755859375,0,0,89.5999984741211,-75.5579467,40.5742595
1691337595195000000,4309.333,0,0,13.584489822387695,120.4749984741211,0,0,89.70000457763672,-75.5580425,40.5744303
1691337610290000000,4324.42799975586,0,0,14.976900100708008,123.48100280761719,0,0,89.5999984741211,-75.5579463,40.5742589
1691337634520000000,4348.658,0,0,0,1600,0,0,0,-75.5540531,40.5724296
1691337675477000000,4389.615,0,0,30.565101623535156,122.4000015258789,0,0,89.70000457763672,-75.557973,40.5744528
1691337680534000000,4394.672000244141,0,0,13.080262184143066,135.13099670410156,0,0,89.5999984741211,-75.5579433,40.5744795
1691337684711000000,4398.849,0,0,0,1600,0,0,0,-75.5540531,40.5724296
1691337689790000000,4403.928000244141,0,0,0,1600,0,0,0,-75.5540531,40.5724296
1691337695548000000,4409.686,0,0,30.565101623535156,122.4000015258789,0,0,96.5999984741211,-75.5622884,40.5776309
1691337699601000000,4413.739,0,0,30.565101623535156,122.4000015258789,0,0,89.70000457763672,-75.557973,40.5744528
1691337704795000000,4418.933,0,0,0,899.9990234375,0,0,0,-75.556964,40.5759119
1691337710638000000,4424.776000244141,0,0,35.44828414916992,128.8990020751953,0,0,89.70000457763672,-75.5579725,40.5744522
1691337715648000000,4429.786,0,0,23.401405334472656,110,0,0,96.5999984741211,-75.5622803,40.5776276
1691337720643000000,4434.781,0,0,35.44828414916992,128.8990020751953,0,0,89.70000457763672,-75.5579725,40.5744522
1691337724843000000,4438.981,0,0,0,1799.9990234375,0,0,0,-75.5529614,40.5735354
1691337730679000000,4444.817,0,0,14.095906257629395,130.74899291992188,0,0,89.70000457763672,-75.5579838,40.5744812
1691337735706000000,4449.843999755859,0,0,30.565101623535156,122.4000015258789,0,0,89.70000457763672,-75.557973,40.5744528
1691337739900000000,4454.038,0,0,0,1799.9990234375,0,0,0,-75.5529614,40.5735354
1691337744910000000,4459.048000244141,0,0,0,1799.9990234375,0,0,0,-75.5529614,40.5735354
1691337750755000000,4464.893,0,0,41.602500915527344,135.60000610351562,0,0,89.70000457763672,-75.5579722,40.5744521
1691337755771000000,4469.909,0,0,49.510414123535156,142.5,0,0,89.70000457763672,-75.5579722,40.5744525
1691337759960000000,4474.098,0,0,0,1799.9990234375,0,0,0,-75.5529614,40.5735354
1691337765850000000,4479.987999755859,0,0,35.44828414916992,128.8990020751953,0,0,89.70000457763672,-75.5579725,40.5744522
1691337770810000000,4484.947999755859,0,0,30.565101623535156,122.4000015258789,0,0,89.70000457763672,-75.557973,40.5744528
1691337775873000000,4490.011,0,0,26.625600814819336,125.13600158691406,0,0,89.70000457763672,-75.5580399,40.574428
1691337780106000000,4494.2439997558595,0,0,0,1799.9990234375,0,0,0,-75.5529614,40.5735354
1691337785089000000,4499.227,0,0,0,1799.9990234375,0,0,0,-75.5529614,40.5735354
1691337790943000000,4505.081,0,0,23.401405334472656,110,0,0,96.5999984741211,-75.5622803,40.5776276
1691337795120000000,4509.258,0,0,0,1799.9990234375,0,0,0,-75.5529614,40.5735354
1691337800962000000,4515.099999755859,0,0,26.625600814819336,116.0999984741211,0,0,96.5999984741211,-75.5622835,40.5776288
1691337805133000000,4519.271,0,0,0,1799.9990234375,0,0,0,-75.5529614,40.5735354
1691337810186000000,4524.323999755859,0,0,0,1799.9990234375,0,0,0,-75.5529614,40.5735354
1691337815153000000,4529.291,0,0,0,1799.9990234375,0,0,0,-75.5529614,40.5735354
1691337820166000000,4534.30400024414,0,0,0,1799.9990234375,0,0,0,-75.5529614,40.5735354
1691337826017000000,4540.155,0,0,41.602500915527344,135.60000610351562,0,0,89.70000457763672,-75.5580445,40.5744312
1691337830187000000,4544.325,0,0,0,1799.9990234375,0,0,0,-75.5529614,40.5735354
1691337836008000000,4550.146,0,0,23.401405334472656,125.8219985961914,0,0,89.5999984741211,-75.5579461,40.5742594
1691337840213000000,4554.351,0,0,0,1799.9990234375,0,0,0,-75.5529614,40.5735354
1691337845217000000,4559.355,0,0,0,1799.9990234375,0,0,0,-75.5529614,40.5735354
1691337850235000000,4564.373,0,0,0,1799.9990234375,0,0,0,-75.5529614,40.5735354
1691337855253000000,4569.391,0,0,0,1799.9990234375,0,0,0,-75.5529614,40.5735354
1691337860261000000,4574.399,0,0,0,1799.9990234375,0,0,0,-75.5529614,40.5735354
1691337865272000000,4579.41,0,0,0,1799.9990234375,0,0,0,-75.5529614,40.5735354
1691337871050000000,4585.187999755859,0,0,30.565101623535156,122.4000015258789,0,0,96.5999984741211,-75.5622884,40.5776309
1691337875300000000,4589.438,0,0,0,1799.9990234375,0,0,0,-75.5529614,40.5735354
1691337880301000000,4594.439,0,0,0,1799.9990234375,0,0,0,-75.5529614,40.5735354
1691337885314000000,4599.451999755859,0,0,0,1799.9990234375,0,0,0,-75.5529614,40.5735354
1691337890325000000,4604.463,0,0,0,1799.9990234375,0,0,0,-75.5529614,40.5735354
1691337895341000000,4609.479,0,0,0,1799.9990234375,0,0,0,-75.5529614,40.5735354
1691337901161000000,4615.299,0,0,26.625600814819336,116.0999984741211,0,0,96.5999984741211,-75.5622835,40.5776288
1691337986246000000,4700.38400024414,0,0,5.850351333618164,39.599998474121094,0,0,86.5,-75.5513827,40.5689206
1691338006285000000,4720.423,0,0,30.565101623535156,122.4000015258789,0,0,87.4000015258789,-75.5488358,40.5656656
1691338019627000000,4733.765,0,0,2.0805532932281494,71.2750015258789,0,0,92.30000305175781,-75.5493809,40.5629621
1691338046300000000,4760.438,0,0,16.59490394592285,92.9000015258789,0,0,104.5999984741211,-75.5430661,40.5570914
1691338066307000000,4780.445,0,0,9.216553688049316,110,0,0,98.30000305175781,-75.5411882,40.5532258
1691338086313000000,4800.451,0,0,1.703227162361145,39.57600021362305,0,0,87.5,-75.5361776,40.5481264
1691338166428000000,4880.566,0,0,12.45657730102539,80.98699951171875,0,0,97.4000015258789,-75.5219929,40.5314208
1691338179574000000,4893.712000244141,0,0,1,28.93899917602539,0,0,90.5,-75.5182816,40.52959
1691338206416000000,4920.554,0,0,46.78962326049805,116.0999984741211,0,0,92.30000305175781,-75.5152824,40.5245481
1691338226405000000,4940.543,0,0,6.185660362243652,46.7760009765625,0,0,108.5,-75.5106978,40.5203528
1691338246405000000,4960.543,0,0,20.639652252197266,22.06100082397461,0,0,118.20000457763672,-75.5078327,40.5155414
1691338266389000000,4980.527,0,0,9.58521556854248,64.0999984741211,0,0,124.0999984741211,-75.5033046,40.5112586
1691338286420000000,5000.558,0,0,2.7372968196868896,81.2239990234375,0,0,147.29998779296875,-75.5017221,40.5062953
1691338305624000000,5019.762,0,0,0,1100,0,0,0,-75.5031021,40.5058448
1691338325638000000,5039.776000244141,0,0,0,1899.9990234375,0,0,0,-75.4947299,40.5057099
1691338345643000000,5059.781,0,0,0,1799.9990234375,0,0,0,-75.472159,40.4875589
1691338366448000000,5080.586,0,0,23.401405334472656,110,0,0,218.89999389648438,-75.4831668,40.4993757
1691338371526000000,5085.664000244141,0,0,26.625600814819336,116.0999984741211,0,0,169.59999084472656,-75.4849524,40.4952145
1691338550836000000,5264.974,0,0,0,1799.9990234375,0,0,0,-75.4543184,40.4684477
1691338570754000000,5284.89199975586,0,0,0,1799.9990234375,0,0,0,-75.4543184,40.4684477
1691338590766000000,5304.904000244141,0,0,0,1799.9990234375,0,0,0,-75.4543184,40.4684477
1691338595838000000,5309.976000244141,0,0,0,1799.9990234375,0,0,0,-75.4543184,40.4684477
1691338600792000000,5314.93,0,0,0,1799.9990234375,0,0,0,-75.4543184,40.4684477
1691338605798000000,5319.936000244141,0,0,0,1799.9990234375,0,0,0,-75.4543184,40.4684477
1691338625821000000,5339.959,0,0,0,1799.9990234375,0,0,0,-75.4543184,40.4684477
1691338645817000000,5359.955,0,0,0,1899.9990234375,0,0,0,-75.4466717,40.4578059
1691338665902000000,5380.04000024414,0,0,0,1899.9990234375,0,0,0,-75.4466717,40.4578059
1691338685854000000,5399.99200024414,0,0,0,1899.9990234375,0,0,0,-75.4466717,40.4578059
1691338706661000000,5420.799,0,0,26.625600814819336,116.0999984741211,0,0,164.09999084472656,-75.4420571,40.4565142
1691338726667000000,5440.805,0,0,18.489999771118164,98.4000015258789,0,0,160.59999084472656,-75.4417112,40.4555039
1691338753919000000,5468.057,0,0,35.44828414916992,128.8990020751953,0,0,160.59999084472656,-75.4417072,40.4555045
1691338758922000000,5473.059999755859,0,0,23.401405334472656,110,0,0,153.29998779296875,-75.4400073,40.4531304
1691338763986000000,5478.12399975586,0,0,10.153830528259277,116.0999984741211,0,0,153.29998779296875,-75.4400272,40.4531353
1691338768964000000,5483.102,0,0,35.44828414916992,128.8990020751953,0,0,153.89999389648438,-75.4395998,40.4535931
1691338773972000000,5488.11,0,0,10.912131309509277,98.4000015258789,0,0,153.29998779296875,-75.4397627,40.4534148
1691338819624000000,5533.762,0,0,26.625600814819336,116.0999984741211,0,0,149.1999969482422,-75.438603,40.4505758
1691338861878000000,5576.016000244141,0,0,8.745635032653809,92.9000015258789,0,0,144.09999084472656,-75.4313443,40.4480629
1691338891110000000,5605.248000244141,0,0,0,2299.9990234375,0,0,0,-75.4324698,40.4466329
1691338971934000000,5686.07200024414,0,0,26.625600814819336,116.0999984741211,0,0,133.09999084472656,-75.4253988,40.4404168
1691338992938000000,5707.07599975586,0,0,20.729272842407227,104.0999984741211,0,0,131.89999389648438,-75.4254876,40.4397964
1691339020903000000,5735.041,0,0,18.489999771118164,98.4000015258789,0,0,129,-75.4248671,40.4379432
1691339025924000000,5740.062,0,0,15.701098442077637,92.9000015258789,0,0,133,-75.4249174,40.439065
1691339030907000000,5745.045,0,0,14.811894416809082,87.5999984741211,0,0,133,-75.4248789,40.4389373
1691339035926000000,5750.0640002441405,0,0,11.324687957763672,72.9000015258789,0,0,133,-75.4248704,40.4394134
1691339045941000000,5760.079,0,0,20.729272842407227,104.0999984741211,0,0,133,-75.4248777,40.4394184
1691339065940000000,5780.078,0,0,30.565101623535156,122.4000015258789,0,0,126.70000457763672,-75.4203794,40.4330537
1691339086018000000,5800.15599975586,0,0,14.976900100708008,87.5999984741211,0,0,126.70000457763672,-75.4203681,40.4330535
1691339105964000000,5820.102,0,0,30.565101623535156,122.4000015258789,0,0,142,-75.4191268,40.4263742
1691339188990000000,5903.128000244141,0,0,35.44828414916992,128.8990020751953,0,0,118,-75.4153606,40.4204427
1691339193967000000,5908.105,0,0,26.625600814819336,116.0999984741211,0,0,118,-75.4153616,40.4204364
1691339216924000000,5931.062,0,0,10.400625228881836,68.4000015258789,0,0,118,-75.4153574,40.4204424
1691339221929000000,5936.067,0,0,12.377603530883789,77.5999984741211,0,0,118,-75.41536,40.4204419
1691339226979000000,5941.117,0,0,12.377603530883789,77.5999984741211,0,0,118,-75.41536,40.4204419
1691339232070000000,5946.208000244141,0,0,12.377603530883789,77.5999984741211,0,0,118,-75.41536,40.4204419
1691339236990000000,5951.128000244141,0,0,20.729272842407227,104.0999984741211,0,0,118,-75.4153648,40.4204412
1691339246207000000,5960.345,0,0,0,1500,0,0,0,-75.4153528,40.4238568
1691339542943000000,6257.081,0,0,11.345039367675781,64.0999984741211,0,0,122.5999984741211,-75.4093542,40.3872924
1691339582169000000,6296.307,0,0,0,2099.9990234375,0,0,0,-75.40734,40.3838331
1691339602182000000,6316.320000244141,0,0,0,2099.9990234375,0,0,0,-75.4000552,40.3685407
1691339622290000000,6336.42799975586,0,0,0,2099.9990234375,0,0,0,-75.4000552,40.3685407
1691339642313000000,6356.451,0,0,0,2099.9990234375,0,0,0,-75.4000552,40.3685407
1691339662299000000,6376.437,0,0,0,1299.9990234375,0,0,0,-75.4000552,40.3679164
1691339682366000000,6396.504000244141,0,0,0,1899.9990234375,0,0,0,-75.3898559,40.3513085
1691339703161000000,6417.299,0,0,30.565101623535156,122.4000015258789,0,0,126.80000305175781,-75.3882807,40.3475745
1691339723136000000,6437.274,0,0,9.230754852294922,92.9000015258789,0,0,117.70000457763672,-75.3857067,40.3441091
1691339743214000000,6457.352000244141,0,0,35.44828414916992,128.8990020751953,0,0,74.5,-75.3855865,40.3379775
1691339763197000000,6477.335,0,0,100,68.4000015258789,0,0,-35.69999694824219,-75.381172,40.3301851
1691339783211000000,6497.349,0,0,23.401405334472656,110,0,0,59.30000305175781,-75.3814611,40.3276051
1691339803310000000,6517.4480002441405,0,0,20.729272842407227,104.0999984741211,0,0,83,-75.3760845,40.3192518
1691339823207000000,6537.345,0,0,15.204974174499512,116.0999984741211,0,0,79.0999984741211,-75.3765893,40.3133218
1691339843238000000,6557.37600024414,0,0,23.401405334472656,110,0,0,68.80000305175781,-75.3728271,40.3086057
1691339862430000000,6576.56800024414,0,0,0,1799.9990234375,0,0,0,-75.3683623,40.3045045
1691339883232000000,6597.37,0,0,100,104.0999984741211,0,0,71.0999984741211,-75.3693317,40.2991679
1691339903270000000,6617.408000244141,0,0,26.625600814819336,116.0999984741211,0,0,68.30000305175781,-75.368421,40.2912015
1691339923288000000,6637.426,0,0,2.1787972450256348,27.888999938964844,0,0,65.80000305175781,-75.3650238,40.2865533
1691339983288000000,6697.426,0,0,49.510414123535156,142.5,0,0,50.900001525878906,-75.3576013,40.2713276
1691340003302000000,6717.440000244141,0,0,26.625600814819336,116.0999984741211,0,0,41.400001525878906,-75.354601,40.2639377
1691340023312000000,6737.45,0,0,15.798932075500488,87.5999984741211,0,0,37.5,-75.3512377,40.2589599
1691340095010000000,6809.147999755859,0,0,35.44828414916992,128.8990020751953,0,0,45.5,-75.3401446,40.2396173
1691340123389000000,6837.527,0,0,41.602500915527344,135.60000610351562,0,0,41.20000076293945,-75.3368981,40.2340144
1691340143426000000,6857.563999755859,0,0,7.677136421203613,63.87900161743164,0,0,45.70000076293945,-75.3325458,40.2277769
1691340162574000000,6876.712000244141,0,0,0,1600,0,0,0,-75.330468,40.2208336
1691340182645000000,6896.783,0,0,0,1600,0,0,0,-75.330468,40.2208336
1691340203378000000,6917.515999755859,0,0,23.401405334472656,110,0,0,68.20000457763672,-75.3249413,40.2104123
1691340222597000000,6936.735,0,0,0,1500,0,0,0,-75.3188063,40.2027451
1691340243380000000,6957.518,0,0,6.400384426116943,77.5999984741211,0,0,55.60000228881836,-75.3194727,40.2031768
1691340255016000000,6969.154,0,0,23.401405334472656,110,0,0,55.30000305175781,-75.3194037,40.2021568
1691340322736000000,7036.874,0,0,0,1600,0,0,0,-75.3013121,40.1773234
1691340503507000000,7217.645,0,0,15.951727867126465,69.14900207519531,0,0,53.400001525878906,-75.2855596,40.1332016
1691340563522000000,7277.65999975586,0,0,11.324687957763672,72.9000015258789,0,0,24,-75.2791127,40.1166177
1691340603550000000,7317.68800024414,0,0,56.451393127441406,98.4000015258789,0,0,13.5,-75.2800475,40.1092109
1691340663598000000,7377.736000244141,0,0,18.489999771118164,98.4000015258789,0,0,17.399999618530273,-75.2879179,40.1028133
1691340683583000000,7397.721,0,0,5.261632442474365,20.076000213623047,0,0,13.09999942779541,-75.2918871,40.1010634
1691340703576000000,7417.714,0,0,3.396122455596924,21.600000381469727,0,0,13.199999809265137,-75.2976823,40.0990849
1691340735060000000,7449.198,0,0,23.401405334472656,110,0,0,3.200000047683716,-75.3032455,40.0938283
1691340763642000000,7477.7799997558595,0,0,11.324687957763672,72.9000015258789,0,0,5.900000095367432,-75.3087208,40.0882518
1691340867942000000,7582.080000244141,0,0,0,899.9990234375,0,0,0,-75.3133396,40.0852047
1691340872899000000,7587.037,0,0,0,899.9990234375,0,0,0,-75.3133396,40.0852047
1691340877899000000,7592.037,0,0,0,899.9990234375,0,0,0,-75.3133396,40.0852047
1691340882908000000,7597.046,0,0,0,899.9990234375,0,0,0,-75.3133396,40.0852047
1691340888118000000,7602.2560002441405,0,0,0,1000,0,0,0,-75.2900127,40.1260679
1691340903121000000,7617.259,0,0,0,1100,0,0,0,-75.3439507,40.0725332
1691340915922000000,7630.059999755859,0,0,7.641275405883789,52.400001525878906,0,0,7.099999904632568,-75.3258205,40.0733494
1691340920916000000,7635.054,0,0,7.414307117462158,77.5999984741211,0,0,7.400000095367432,-75.3259724,40.0734582
1691340925937000000,7640.075,0,0,12.377603530883789,77.5999984741211,0,0,7.099999904632568,-75.3258155,40.073345
1691340961924000000,7676.062,0,0,20.729272842407227,104.0999984741211,0,0,31.100000381469727,-75.319915,40.0701039
1691340966932000000,7681.07,0,0,49.510414123535156,142.5,0,0,45.20000076293945,-75.3232319,40.06923
1691340986128000000,7700.266,0,0,0,1100,0,0,0,-75.3381205,40.0560986
1691340991177000000,7705.315,0,0,0,1100,0,0,0,-75.3381205,40.0560986
1691340996161000000,7710.299,0,0,0,1100,0,0,0,-75.3381205,40.0560986
1691341001170000000,7715.30799975586,0,0,0,1100,0,0,0,-75.3381205,40.0560986
1691341006177000000,7720.315,0,0,0,1100,0,0,0,-75.3381205,40.0560986
1691341017935000000,7732.073,0,0,18.489999771118164,98.4000015258789,0,0,10.299999237060547,-75.3200386,40.0677685
1691341028917000000,7743.055,0,0,20.729272842407227,104.0999984741211,0,0,10.299999237060547,-75.3200386,40.0677731
1691341038999000000,7753.137,0,0,9.404646873474121,82.5,0,0,10.299999237060547,-75.3200073,40.0677827
1691341043977000000,7758.115,0,0,8.041288375854492,68.4000015258789,0,0,10.299999237060547,-75.3200378,40.0677698
1691341048961000000,7763.099,0,0,16.59490394592285,92.9000015258789,0,0,10.299999237060547,-75.3200392,40.0677697
1691341055034000000,7769.171999755859,0,0,20.729272842407227,104.0999984741211,0,0,10.299999237060547,-75.3200386,40.0677731
1691341059003000000,7773.141,0,0,11.324687957763672,72.9000015258789,0,0,11.399999618530273,-75.3222649,40.0671438
1691341063993000000,7778.131,0,0,16.235122680664062,116.0999984741211,0,0,10.299999237060547,-75.3199004,40.067867
1691341069047000000,7783.185,0,0,7.641275405883789,52.400001525878906,0,0,11.399999618530273,-75.3222702,40.0671508
1691341074029000000,7788.167,0,0,4.680281162261963,39.599998474121094,0,0,11.399999618530273,-75.3222786,40.067128
1691341079083000000,7793.221,0,0,2.7531065940856934,27.145000457763672,0,0,11.399999618530273,-75.3223382,40.0670734
1691341084116000000,7798.254,0,0,2.90390682220459,32.72800064086914,0,0,11.399999618530273,-75.3223426,40.0670806
1691341089101000000,7803.239,0,0,14.857892990112305,116.0999984741211,0,0,11.199999809265137,-75.3224378,40.0668808
1691341094114000000,7808.251999755859,0,0,11.122716903686523,77.5999984741211,0,0,11.399999618530273,-75.3225335,40.0667255
1691341099124000000,7813.262,0,0,3.5958943367004395,52.400001525878906,0,0,11.399999618530273,-75.3223481,40.0670676
1691341104116000000,7818.254,0,0,16.59490394592285,92.9000015258789,0,0,10.299999237060547,-75.3200392,40.0677697
1691341109121000000,7823.259,0,0,4.975198268890381,34.89699935913086,0,0,11.299999237060547,-75.3225733,40.0668372
1691341114200000000,7828.338,0,0,9.485480308532715,53.79100036621094,0,0,11.399999618530273,-75.3230306,40.0666951
1691341119150000000,7833.288000244141,0,0,10.906585693359375,28.459999084472656,0,0,6.900000095367432,-75.3225998,40.0667484
1691341139172000000,7853.31,0,0,17.72414207458496,128.8990020751953,0,0,13.699999809265137,-75.3235926,40.0667104
1691341144175000000,7858.313,0,0,12.40572452545166,57.72100067138672,0,0,19.19999885559082,-75.3237729,40.0666244
1691341149201000000,7863.339,0,0,12.80981159210205,34.125999450683594,0,0,13.09999942779541,-75.3233144,40.066577
1691341154229000000,7868.367,0,0,100,105.3239974975586,0,0,5.599999904632568,-75.3250857,40.066619
1691341159269000000,7873.407,0,0,15.390799522399902,116.0999984741211,0,0,14.199999809265137,-75.3233661,40.0666776
1691341164285000000,7878.423,0,0,22.021793365478516,94.23200225830078,0,0,13.09999942779541,-75.323791,40.0666132
1691341189252000000,7903.39,0,0,14.976900100708008,87.5999984741211,0,0,85.70000457763672,-75.3200418,40.0617307
1691341194895000000,7909.033,0,0,35.44828414916992,128.8990020751953,0,0,6.099999904632568,-75.3253806,40.0656687
1691341200005000000,7914.143,0,0,18.489999771118164,98.4000015258789,0,0,20.299999237060547,-75.3259962,40.0662908
1691341215072000000,7929.21,0,0,30.565101623535156,122.4000015258789,0,0,13.09999942779541,-75.3233359,40.0665521
1691341218982000000,7933.120000244141,0,0,35.44828414916992,128.8990020751953,0,0,20.299999237060547,-75.3260086,40.0662905
1691341223963000000,7938.101,0,0,35.44828414916992,128.8990020751953,0,0,20.299999237060547,-75.3260086,40.0662905
1691341243997000000,7958.135,0,0,18.489999771118164,98.4000015258789,0,0,20.299999237060547,-75.3259962,40.0662908
1691341299101000000,8013.239,0,0,30.565101623535156,122.4000015258789,0,0,11.299999237060547,-75.3196988,40.0679837
1691341304119000000,8018.257,0,0,41.602500915527344,135.60000610351562,0,0,11.299999237060547,-75.3197063,40.0679862
1691341351956000000,8066.094,0,0,97.42237854003906,52.2869987487793,0,0,38.30000305175781,-75.3174739,40.0695087
1691341378915000000,8093.053,0,0,30.565101623535156,122.4000015258789,0,0,3.5,-75.3162663,40.0679396
1691341398926000000,8113.0640002441405,0,0,19.727558135986328,87.5999984741211,0,0,30.299999237060547,-75.3103249,40.0688632
1691341418925000000,8133.063,0,0,11.180461883544922,98.4000015258789,0,0,30.69999885559082,-75.3101584,40.0688446
1691341438928000000,8153.066,0,0,35.44828414916992,128.8990020751953,0,0,-6.499999523162842,-75.305156,40.0701657
1691341458929000000,8173.067,0,0,19.79613494873047,98.4000015258789,0,0,-10,-75.2995815,40.0705859
1691341478941000000,8193.079,0,0,55.78131103515625,122.4000015258789,0,0,-16.600000381469727,-75.3001104,40.0705391
1691341498930000000,8213.06799975586,0,0,3.639586925506592,60,0,0,14.199999809265137,-75.2898221,40.0701471
1691341518943000000,8233.081,0,0,49.66828918457031,122.4000015258789,0,0,-5.599999904632568,-75.2873278,40.0753369
1691341619005000000,8333.143,0,0,8.86207103729248,60,0,0,5.199999809265137,-75.2703956,40.056378
1691341638957000000,8353.095,0,0,5.416600227355957,68.4000015258789,0,0,-19.600000381469727,-75.26557,40.0538202
1691341695076000000,8409.214,0,0,35.44828414916992,128.8990020751953,0,0,-19.30000114440918,-75.2600628,40.0514028
1691341722940000000,8437.078,0,0,11.324687957763672,72.9000015258789,0,0,22.100000381469727,-75.2581225,40.0456658
1691341742250000000,8456.38799975586,0,0,0,1899.9990234375,0,0,0,-75.2535574,40.0426586
1691341762190000000,8476.32800024414,0,0,0,1000,0,0,0,-75.2491821,40.039268
1691341782194000000,8496.33199975586,0,0,0,899.9990234375,0,0,0,-75.252099,40.0390188
1691341802250000000,8516.38799975586,0,0,0,1000,0,0,0,-75.2491821,40.039268
1691341823088000000,8537.226,0,0,26.625600814819336,116.0999984741211,0,0,32.60000228881836,-75.2443587,40.0345356
1691341842293000000,8556.431,0,0,0,1000,0,0,0,-75.2491821,40.039268
1691341862202000000,8576.339999755859,0,0,0,1000,0,0,0,-75.2491821,40.039268
1691341867154000000,8581.29199975586,0,0,0,1000,0,0,0,-75.2491821,40.039268
1691341932981000000,8647.119,0,0,22.579267501831055,118.4010009765625,0,0,-17.600000381469727,-75.2311032,40.0269675
1691341958933000000,8673.071,0,0,20.729272842407227,104.0999984741211,0,0,-11.40000057220459,-75.2314392,40.0258475
1691341963934000000,8678.072000244141,0,0,100,98.4000015258789,0,0,-11.40000057220459,-75.2320408,40.0251847
1691341968929000000,8683.067,0,0,26.625600814819336,116.0999984741211,0,0,-3.299999713897705,-75.2321327,40.0264711
1691341988928000000,8703.066,0,0,2.4455647468566895,43.04899978637695,0,0,-18.100000381469727,-75.2274585,40.0272033
1691341995941000000,8710.079,0,0,3.0549674034118652,77.3239974975586,0,0,-18.600000381469727,-75.2279615,40.0273254
1691342000455000000,8714.593,0,0,2.186232566833496,79.51000213623047,0,0,-18.100000381469727,-75.2271959,40.0270734
1691342005961000000,8720.099,0,0,3.4686827659606934,77.77300262451172,0,0,-18.100000381469727,-75.2277996,40.0271561
1691342010976000000,8725.114,0,0,4.341775417327881,50.229000091552734,0,0,-18.100000381469727,-75.2269891,40.0273419
1691342015001000000,8729.139,0,0,2.3266847133636475,62.54899978637695,0,0,-18.100000381469727,-75.2273758,40.0272013
1691342021003000000,8735.141,0,0,2.0768892765045166,72.66999816894531,0,0,-18.700000762939453,-75.2285847,40.0272598
1691342026016000000,8740.154,0,0,1.2945741415023804,48.91999816894531,0,0,-18.100000381469727,-75.2273413,40.0271064
1691342038029000000,8752.167,0,0,1,12.718000411987305,0,0,-17.700000762939453,-75.2268064,40.0271518
1691342042971000000,8757.109,0,0,1.052048683166504,12.928000450134277,0,0,-17.700000762939453,-75.2267998,40.0271496
1691342047982000000,8762.12000024414,0,0,1.0446057319641113,12.15999984741211,0,0,-16.899999618530273,-75.2268033,40.0271746
1691342053975000000,8768.113,0,0,1,11.46500015258789,0,0,-17.700000762939453,-75.2267917,40.0271485
1691342058005000000,8772.143,0,0,1,12.461000442504883,0,0,-17.700000762939453,-75.2267922,40.0271576
1691342062957000000,8777.095,0,0,1.1524057388305664,11.812999725341797,0,0,-16.899999618530273,-75.2267837,40.0271582
1691342068013000000,8782.151,0,0,1.7017741203308105,17.631000518798828,0,0,-16.200000762939453,-75.2265476,40.0274613
1691342076847000000,8790.985,0,0,1.9370557069778442,14.857999801635742,0,0,-9.100000381469727,-75.2259772,40.0278562
1691342081983000000,8796.121,0,0,1.4316422939300537,10.965999603271484,0,0,-5.400000095367432,-75.2256487,40.0280178
1691342089863000000,8804.001,0,0,1.2476361989974976,13.161999702453613,0,0,-2.6999998092651367,-75.2252418,40.0282936
1691342111027000000,8825.165,0,0,1.1629314422607422,18.969999313354492,0,0,11.699999809265137,-75.2235323,40.0294474
1691342114946000000,8829.08399975586,0,0,1.505548357963562,13.052000045776367,0,0,12.899999618530273,-75.2232556,40.0295956
1691342131165000000,8845.303,0,0,3.2350101470947266,14.588000297546387,0,0,29.19999885559082,-75.2222417,40.0306274
1691342149119000000,8863.257,0,0,25.984643936157227,26.099000930786133,0,0,17.5,-75.2203314,40.0314614
1691342155924000000,8870.062,0,0,8.002400398254395,15.057000160217285,0,0,48.900001525878906,-75.2207379,40.0315499
1691342171122000000,8885.25999975586,0,0,1.1712894439697266,19.863000869750977,0,0,48,-75.2213457,40.0319498
1691342181134000000,8895.27200024414,0,0,1,18.32900047302246,0,0,46.5,-75.2213702,40.0320037
1691342186105000000,8900.243,0,0,1,17.03499984741211,0,0,45.60000228881836,-75.2214055,40.0320208
1691342191211000000,8905.349,0,0,1.2519874572753906,17.867000579833984,0,0,45.60000228881836,-75.2214053,40.0320107
1691342196074000000,8910.21199975586,0,0,1.0281651020050049,14.611000061035156,0,0,45.400001525878906,-75.2214407,40.0321466
1691342201189000000,8915.327,0,0,4.2595086097717285,13.670999526977539,0,0,44.80000305175781,-75.2214883,40.032212
